time,seconds_elapsed,z,y,x
1647770427858226700,0.004226806640625,-2.8625778813183307,1.7010910931959746,-3.2967791534170505
1647770427868277800,0.01427783203125,-3.5211990264385937,1.9867691525176165,-3.945952378973365
1647770427878328800,0.024328857421875,-3.5395939303070305,2.0658678236737846,-3.739682202887535
1647770427888380000,0.0343798828125,-2.8771172788023947,2.1865996509447694,-3.34662279625535
1647770427898430700,0.0444306640625,-1.6062240672826766,2.4035572252616286,-3.126334031689167
1647770427908481800,0.054481689453125,-0.41992052555084225,2.354974103878438,-3.0815783596396447
1647770427918532900,0.064532958984375,0.4416033650487661,2.1553972879514096,-3.5051392875194547
1647770427928584000,0.074583984375,1.0694850885123013,1.4950450812548397,-3.1140783612281084
1647770427938634800,0.084634765625,1.4901128855496644,0.8692609145924448,-3.0855019628241656
1647770427948685800,0.094685791015625,1.2502917375177145,0.7348311090976,-4.555148398928344
1647770427958735600,0.104735595703125,0.4387894766718149,1.0062918424963951,-5.261583726885915
1647770427968786700,0.11478662109375,-0.25236381874084474,1.6203411477014422,-4.4235470948576925
1647770427978837800,0.124837646484375,-0.24458909308612345,2.297565578743815,-3.7535511537641284
1647770427988887800,0.1348876953125,-0.08346095801889895,3.0618802642181513,-3.3931220971018075
1647770427998939000,0.14493896484375,-0.2788151878148317,3.867490836676955,-3.5160558183312416
1647770428008989700,0.15498974609375,-1.0201631314605475,3.40264805033803,-4.058578641200065
1647770428019040500,0.16504052734375,-1.2384393871605395,2.117116949395835,-2.989600333166122
1647770428029091600,0.175091552734375,0.37527883526980876,1.2962895185828207,-2.9701901147753
1647770428039142700,0.185142578125,2.916093782928586,1.0517822585612535,-3.6300334951668978
1647770428049193700,0.19519384765625,4.160104248219728,0.6036000996440649,-5.385870031768083
1647770428059244500,0.20524462890625,4.0704502807796,-0.5074591082721949,-5.024560685139894
1647770428069295600,0.215295654296875,3.725569506382942,-0.5801274541199207,-5.098964476478099
1647770428079346700,0.2253466796875,1.1457803926855326,1.2170853412255644,-6.799197199279069
1647770428089397800,0.235397705078125,-1.0524427682965993,3.437966908739507,-5.8062944151878355
1647770428099448600,0.245448486328125,-1.5859592778891325,4.263303341409563,-1.8637351857841014
1647770428109499600,0.255499755859375,-1.6111141774117945,2.8086662583887576,0.9762433257132768
1647770428119550700,0.26555078125,-1.504226166576147,0.27204554754942656,2.7303435400411487
1647770428129601800,0.275601806640625,-0.9548235210657119,-0.040787060679495335,2.05353938023746
1647770428139652600,0.285652587890625,0.5673714329212903,1.2631190703868864,0.555001488430798
1647770428149703700,0.29570361328125,1.4090852921575308,1.4963964958637952,-0.3563558158740401
1647770428159754800,0.305754638671875,1.443339443936944,1.3494950390696525,-1.0851514441996812
1647770428169804800,0.3158046875,0.8153419851392507,1.6571069900408386,-1.6884171973228455
1647770428179855600,0.325855712890625,0.6622533641427755,1.7103949281141162,-1.191501987157762
1647770428189906700,0.33590673828125,1.1867770044624806,1.319622171114385,-0.045565819388628005
1647770428199957500,0.34595751953125,3.1479461440384386,1.998508982411027,1.6760557283997535
1647770428210008600,0.356008544921875,5.849314057224989,3.180930129751563,3.829638952666521
1647770428220059600,0.3660595703125,7.821478638067841,3.782942083421349,4.229378859975934
1647770428230110700,0.37611083984375,9.22538272819519,2.6385867551028728,2.684573430252075
1647770428240161500,0.38616162109375,7.190216039994358,1.0526809609666465,0.9000529432192445
1647770428250212600,0.396212646484375,4.739709724292159,0.5702826441928744,-0.46060675620436664
1647770428260263700,0.406263671875,0.5487064799398184,0.47023412398844955,-0.7997735368683934
1647770428270314800,0.416314697265625,-2.6771803973913193,1.0017536145448684,0.694824677401781
1647770428280365800,0.42636572265625,-3.066355071544647,1.0648321481399237,3.2799370319485663
1647770428290416600,0.436416748046875,-1.8251812909841536,0.48271395859420296,5.189672336885333
1647770428300467700,0.4464677734375,0.6659680007517338,0.8454040920563042,5.1971045327126975
1647770428310518800,0.456518798828125,2.8316660257041453,0.7891505821757018,4.960253924924135
1647770428320569900,0.46656982421875,4.000146325975656,0.21427944114878772,4.808723931546509
1647770428330620700,0.47662060546875,3.452594276767969,-0.11154431220889091,4.322846832746267
1647770428340670500,0.48667041015625,1.7162860319793223,-0.6400842024326324,4.015924325343966
1647770428350721500,0.496721435546875,0.20578268482983111,-1.0420355021812022,4.761020223346352
1647770428360772600,0.506772705078125,-0.5576783064246177,-1.2826320184998214,6.155071027979254
1647770428370823700,0.51682373046875,-0.29373218643963334,-1.485785085478425,7.159610473850369
1647770428380874800,0.526874755859375,1.150138003373146,-1.228878362610936,6.868454275378585
1647770428390925600,0.536925537109375,2.4097505269438027,-0.7542193348523228,3.9839217518836256
1647770428400976600,0.5469765625,2.5000521446377038,-0.7155737431809306,1.2352972897425294
1647770428411027700,0.55702783203125,0.763690123835206,-1.8351251773715018,0.3060141603857279
1647770428421078800,0.567078857421875,-2.678642871159315,-2.815657432450354,-0.03286445098668336
1647770428431129600,0.577129638671875,-6.543425617921352,-3.1828792179927228,-0.1326771166086197
1647770428441180700,0.5871806640625,-8.62043238298595,-3.498941601923108,0.23064123175442217
1647770428451231700,0.597231689453125,-8.175445805239677,-4.119421816958487,0.6369581793665886
1647770428461282800,0.60728271484375,-6.5201663228869435,-4.13880193247199,0.9993062213927507
1647770428471333600,0.617333740234375,-5.48196192330122,-2.835601611587405,1.7043983180478215
1647770428481384700,0.627384765625,-4.912158879318833,-1.9367796714678405,2.354925880822539
1647770428491435800,0.637435791015625,-4.37058590452075,-1.8286451677024362,2.978408784805238
1647770428501486800,0.64748681640625,-3.51949046895504,-1.7385282589256763,3.714834177356958
1647770428511537700,0.65753759765625,-2.533472768202424,-1.4661813903421164,3.2799060522884127
1647770428521587700,0.667587646484375,-1.699044389799237,-1.337609224834293,2.111207725352049
1647770428531638500,0.677638427734375,-1.5892489670842884,-1.378830731408298,1.0580191071242093
1647770428541689600,0.687689697265625,-1.8951076446473598,-1.2923907575786113,0.3176034758925438
1647770428551740700,0.69774072265625,-1.9940292066484688,-1.3950380621045828,0.01710281823128462
1647770428561791700,0.707791748046875,-2.081870571708679,-2.0095159679852426,0.0744818250104785
1647770428571842600,0.717842529296875,-2.0738392409443853,-2.270367921347171,0.03180968123674392
1647770428581893600,0.7278935546875,-3.3128719178229566,-1.7373378800973296,-0.007769757218658924
1647770428591944700,0.73794482421875,-4.080865291810036,-1.3400447814181446,0.18227862125411629
1647770428601995800,0.747995849609375,-3.8592987623929975,-0.5738641559414566,-0.018876257644593716
1647770428612046600,0.758046630859375,-3.3387609768390654,0.3490532377757132,-0.49765959879159927
1647770428622097700,0.76809765625,-2.067096196424961,0.7461033214792608,-0.9494738306008279
1647770428632148700,0.778148681640625,-1.2942097896993159,0.6933738940715789,-0.8935089284032582
1647770428642199800,0.78819970703125,-1.386387722659111,0.33161497704498466,-0.5932596151545644
1647770428652251000,0.7982509765625,-0.2877560346394777,-0.1586492507982999,-0.0747006553929299
1647770428662301700,0.8083017578125,1.4939076016575097,-0.49876153215151275,0.002475523268058896
1647770428672352800,0.818352783203125,2.707212547561526,-0.6035563701001927,-0.21779563257619738
1647770428682403800,0.82840380859375,3.252919261163473,-0.6489950194451958,0.10569310196265577
1647770428692455000,0.838454833984375,2.9228064323097467,-0.3156103293139487,0.3074717022502795
1647770428702504700,0.848504638671875,2.2368203104019164,-0.24155445636427028,-0.31378157951682806
1647770428712555500,0.858555419921875,0.8591799578219652,0.5512205816525966,-1.623544473787397
1647770428722606600,0.868606689453125,-0.7770178074419498,2.1382759111501275,-3.5913390228524804
1647770428732657700,0.87865771484375,-2.123378640139103,1.5638368779301643,-3.5467934864223003
1647770428742708700,0.888708740234375,-2.7853905967414376,-0.247873740779981,-1.0462940364085138
1647770428752759800,0.898759765625,-2.717442849674821,-0.3165648535598069,0.09931118237320333
1647770428762810600,0.908810546875,-7.582782694673538,0.9944090239357203,1.751833730700612
1647770428772861700,0.91886181640625,-3.6865474095493553,1.3471630889907478,0.8971065145038067
1647770428782912800,0.928912841796875,2.0390958443433047,0.38450032566674053,0.8862825573462992
1647770428792963800,0.9389638671875,2.9349136342108246,-0.17487451901007442,2.0782753236956895
1647770428803014700,0.9490146484375,3.69972428650856,-0.5565412286860868,1.4846224714398384
1647770428813065700,0.959065673828125,2.925631426602602,-0.5593123008346185,0.2676563361471519
1647770428823116800,0.96911669921875,-3.0275036551028487,0.031196846568025648,-1.1734093541715294
1647770428833168000,0.97916796875,-6.244098972475529,0.8392258418127894,-1.258516106636077
1647770428843218700,0.98921875,0.7389981656491756,0.08027856512311846,0.1934770377472043
1647770428853269800,0.999269775390625,3.2549364462047814,-0.6413783338963985,0.28570282843671735
1647770428863320600,1.009320556640625,0.855506237745285,-0.05912658109888434,0.3720585580490529
1647770428873371600,1.01937158203125,-2.290206448152661,0.922910890911147,0.18608510086499153
1647770428883422700,1.029422607421875,-0.7970031953722239,0.8166090824656188,0.34736944940723474
1647770428893472800,1.03947265625,1.3325667006224393,-0.09897632439564913,0.6485396038278937
1647770428903523600,1.049523681640625,0.3687532328933477,-0.33112131177652626,0.019949439834058284
1647770428913574700,1.05957470703125,-0.85010700905025,-0.09008088761530816,-0.6139893917113542
1647770428923625700,1.069625732421875,-0.2721235812216997,0.04631203464604914,-0.5165707816191017
1647770428933676800,1.0796767578125,0.47239714724123477,-0.1756317671181634,-0.18198004016634076
1647770428943727600,1.0897275390625,0.05233809000253677,-0.19049290736988186,-0.07085187101028859
1647770428953778700,1.09977880859375,-0.19633973370194435,0.005024111772328615,-0.08953563829008489
1647770428963830000,1.109830078125,0.006264905613660812,-0.052683761635050175,-0.050079680083878336
1647770428973881000,1.119881103515625,0.047286651831865305,-0.1350103818617761,-0.04010656760204583
1647770428983932000,1.129931884765625,-0.06448503939211368,-0.15047631960622965,-0.01461560452543199
1647770428993983000,1.13998291015625,0.09164484899640082,-0.1256319838700816,-0.024521168196387586
1647770429004034000,1.150033935546875,0.36561084321439263,-0.16254055914841592,-0.02818071361724287
1647770429014085000,1.160085205078125,0.17726970705091952,-0.029532383954524993,0.0680739672621712
1647770429024136200,1.17013623046875,-0.4332634067267179,0.043665940584056075,0.01603902492467314
1647770429034186800,1.180186767578125,-0.3867822260588407,-0.028218123018182814,-0.0204977213665843
1647770429044237800,1.19023779296875,0.03612403730452061,-0.20443148941658437,0.1018803752740845
1647770429054289000,1.200288818359375,0.038300212299823756,-0.37232181209512055,-0.2924531794797629
1647770429064340000,1.210340087890625,-0.3458329605549574,-0.4593541988600045,-0.20841160856131463
1647770429074390000,1.22039013671875,-0.5191296723216772,-0.6151698336675763,0.49857379102706906
1647770429084440800,1.23044091796875,0.19151099837124347,-0.26641152371782806,0.7066027204137295
1647770429094492000,1.240491943359375,0.3938368207454681,0.22745348683008923,0.4481239259239286
1647770429104543000,1.25054296875,0.9876853417038917,1.5806680396132171,-0.4645798245538026
1647770429114594000,1.260593994140625,0.7803741321325302,1.4611679460942744,-1.2484065082930027
1647770429124645000,1.27064501953125,-2.1354975324779746,-0.4028920877300203,0.13474080767277627
1647770429134696000,1.280696044921875,-0.6494932512909174,0.5593961431931704,-0.034033439967129375
1647770429144747000,1.2907470703125,1.4368214403450488,-0.35024569896329194,0.18136888599805534
1647770429154798000,1.300798095703125,0.11838555640578269,-0.018740139392821584,0.01089769824715331
1647770429164849200,1.31084912109375,-0.9415086969405412,0.17727138755135238,-0.03734292984129861
1647770429174900000,1.32089990234375,0.1049351232022047,0.06676725944462232,-0.12380622974764555
1647770429184951000,1.330950927734375,0.20850772587954997,-0.14354996354230679,0.030090529293939468
1647770429195001900,1.341001953125,-0.3180523887038231,0.10178606632044539,-0.0024574944210238752
1647770429205053000,1.351052978515625,-0.0760386990636587,0.01134904276082525,-0.01800592281715944
1647770429215103700,1.361103759765625,0.17556056504547596,-0.07041485869935714,-0.004075012620259076
1647770429225154800,1.37115478515625,0.09433540325462818,-0.12448684155610389,0.2681687061160803
1647770429235206000,1.381205810546875,-0.04778407995998859,0.20142116515208033,-0.14275407305741683
1647770429245257000,1.391257080078125,-0.28980069220960136,0.06781011042790487,0.027010646924562752
1647770429255308000,1.40130810546875,0.1819932284414768,-0.12603884763792156,0.0043470344946719705
1647770429265358000,1.411358154296875,0.35662381916046143,-0.001319987424230203,-0.11220458448221907
1647770429275409000,1.421408935546875,-0.2679834126770496,0.009043553713872096,0.05607669200897217
1647770429285460000,1.4314599609375,-0.07778583499193191,0.007048900164780206,-0.07006409989977255
1647770429295511000,1.441510986328125,0.13498247094154356,-0.04978502625254914,0.002256126630026847
1647770429305562000,1.45156201171875,-0.10067921932339667,0.03162769399965182,-0.03252135490374639
1647770429315613000,1.461613037109375,-0.03994271880984306,-0.0076386096862377595,-0.02170485040033236
1647770429325664000,1.4716640625,0.04865151044428348,-0.010788424619822762,-0.019566760659404096
1647770429335715000,1.481715087890625,-0.07061141331791877,0.02041268713136669,-0.024811712108179926
1647770429345766100,1.49176611328125,-0.002974631896615028,-0.011759470742219127,-0.009300948841311036
1647770429355817000,1.50181689453125,0.00031681086421012875,0.004619535859697498,-0.010265976214874534
1647770429365867800,1.51186767578125,-0.04172960222661495,0.015674968252098187,-0.015492898816615343
1647770429375918800,1.5219189453125,0.0018178630769252776,0.0009338376508560031,-0.018196349089033902
1647770429385970000,1.531969970703125,-0.021072598645091055,-0.0007635636844439431,-0.0029395788495428857
1647770429396021000,1.54202099609375,-0.023913959550857542,0.00018694197342265396,-0.018263532573729754
1647770429406071800,1.55207177734375,-0.020770985350012778,-0.008063625598698854,-0.013162720569688827
1647770429416123000,1.562122802734375,-0.00864917040169239,-0.0006346583414589986,-0.008146810370124876
1647770429426174000,1.572174072265625,-0.018076339438557625,-0.007566074172989465,-0.004406527863256633
1647770429436225000,1.58222509765625,-0.015680968734622002,0.00302056709730532,-0.010441369314398615
1647770429446275800,1.59227587890625,-0.015380524483323096,-0.004351633037975989,-0.017101850116904824
1647770429456326000,1.602325927734375,-0.008946692043542861,0.006774293607636354,-0.01031785253258422
1647770429466377000,1.612376953125,-0.010441899037361145,0.009633468731306492,0.006957582319248467
1647770429476428000,1.622427978515625,0.007661328408122062,0.01831042218906805,0.01952909553013742
1647770429486479000,1.63247900390625,0.0010772738426923752,0.027318534696800633,0.014071652108151466
1647770429496530200,1.6425302734375,0.004820552024245262,0.017590875742863863,0.012329338485468178
1647770429506581000,1.6525810546875,0.009757423904538154,0.015462928370037115,0.008460680358577518
1647770429516631800,1.6626318359375,-0.008501286363601684,0.009294683497305958,0.009752309338003397
1647770429526683000,1.672682861328125,-0.002521627432107925,-0.0028858165354235096,0.007181929127033799
1647770429536734000,1.68273388671875,-0.005220364996790886,0.006609435601858422,0.006486348078306764
1647770429546784800,1.69278466796875,-0.018543956950306893,-0.003343309945380315,0.016448975698743016
1647770429556835800,1.7028359375,-0.010467618000507354,-0.004304884986532852,0.004716762856207788
1647770429566887000,1.712886962890625,-0.01106909102499485,-0.002634549754671752,-0.013018288864009082
1647770429576938000,1.72293798828125,-0.01825461861491203,0.003589736154233105,-0.015940021529607475
1647770429586988800,1.73298876953125,-0.019005144721269608,-0.0010443807866657151,-0.017035835675988344
1647770429597039900,1.743039794921875,-0.01421615687906742,-0.003238077738927677,-0.02393021656591445
1647770429607091000,1.753091064453125,-0.027088497933745383,-0.006482936845091171,-0.01392499191276729
1647770429617142000,1.76314208984375,-0.03457096264362335,0.0016129653217038138,-0.02470691829314455
1647770429627193000,1.773193115234375,-0.029781974801421165,-0.0029865643630037084,-0.0180495062305592
1647770429637243100,1.7832431640625,-0.01990472390949726,-0.002364436709554866,-0.03334346667528152
1647770429647294000,1.7932939453125,-0.029778467670083044,0.0017193300393177195,-0.03176067272955552
1647770429657345000,1.803344970703125,-0.023196166670322416,0.006349446658533997,-0.024376444229763
1647770429667396000,1.81339599609375,-0.0209486800044775,0.002560657967976294,-0.019671463142894207
1647770429677447000,1.823447021484375,-0.013166355565190314,-0.003724911407800391,-0.011630816560983658
1647770429687497700,1.833497802734375,-0.020799042400717734,-0.0011804510893765837,-0.01560291679603979
1647770429697548800,1.843548828125,-0.01675765805542469,0.001998809134401381,-0.01459995029857382
1647770429707600000,1.853599853515625,-0.004334229812026024,-0.004582286288961768,-0.01461600638423115
1647770429717651000,1.86365087890625,-0.013313655081391334,-0.003918173524155281,-0.021161372907087205
1647770429727702000,1.873701904296875,-0.017350363251566886,0.0010799178909277542,-0.019522610990423708
1647770429737752800,1.8837529296875,-0.01255786827802658,-0.005399589454638772,-0.006733546038717031
1647770429747804000,1.893803955078125,-0.010761632511019706,-0.0012195135912857948,-0.0010049392588436603
1647770429757855000,1.90385498046875,-0.02198386827111244,-0.0015206610954832285,-0.01880567662641406
1647770429767906000,1.913906005859375,-0.01734510255455971,0.003089901439892128,-0.014061879632808267
1647770429777956900,1.923956787109375,-0.0062730889201164245,0.007993948762817308,-0.009874437880329786
1647770429788008000,1.934008056640625,-0.004926350486278533,0.002196030473243445,0.006351780179515481
1647770429798059000,1.94405908203125,0.0016530279040336607,0.007969417109759524,0.022080551844928412
1647770429808110000,1.954110107421875,-0.006131050100922584,0.005929928905097768,0.021806356279738245
1647770429818160000,1.96416015625,-0.020800211444497108,0.002189920392865315,0.021438819875288753
1647770429828211000,1.9742109375,-0.02139525472819805,0.0267021974633215,-0.04273103435412049
1647770429838261800,1.98426171875,-0.004935702836513519,0.026325226510246283,0.003161624102387577
1647770429848312800,1.994312744140625,-0.0031388825476169582,0.006221066471934318,0.004674732079077512
1647770429858364000,2.004364013671875,-0.0008984101444482803,0.01224716749419458,-0.008306914568971842
1647770429868415000,2.0144150390625,-0.0076315177917480465,0.015967434692918323,0.0037835919256322082
1647770429878465800,2.0244658203125,-0.003142389678955078,0.004921998538146726,-0.017070450331643224
1647770429888516900,2.034516845703125,-0.01586275504231453,-0.0031735931013943627,-0.011217358655575662
1647770429898568000,2.04456787109375,-0.02095218713581562,0.006187593460595235,-0.01657943367799744
1647770429908619000,2.054618896484375,-0.02125672304034233,-0.0008823175261728465,-0.02020251954598352
1647770429918669800,2.064669921875,-0.019763854134082794,0.009084620943199843,-0.01711438080491498
1647770429928721000,2.074720947265625,-0.004498480463027954,0.023263509985222478,0.006277034442871809
1647770429938772000,2.08477197265625,-0.0070434887707233424,0.021810813259147105,-0.0008478307346813381
1647770429948823000,2.094822998046875,-0.0092892218708992,0.01314386517216917,0.0017879428626969456
1647770429958874000,2.1048740234375,0.001931260323524475,0.0013805448053171858,0.0008605806184001267
1647770429968925000,2.114925048828125,-0.003456277933716774,-0.004672110863728448,0.007229019671771675
1647770429978976000,2.12497607421875,-0.010044424152374267,0.0006287400573259219,0.008519096014928073
1647770429989027000,2.135027099609375,-0.013342881175875662,-0.0030013600733364,0.0013430851720273493
1647770429999078100,2.145078125,-0.012602876463532448,0.0017665621479507534,-0.014737751334067434
1647770430009129000,2.15512890625,-0.02682370951771736,0.004725603749789298,-0.0023571758517064154
1647770430019178800,2.1651787109375,-0.011561258456110954,0.006558180338656529,-0.0006388824254274368
1647770430029229800,2.175229736328125,-0.005274141010642051,-0.010759527318901382,-0.0009725896255113184
1647770430039281000,2.185281005859375,-0.011855857488512991,0.0031063502511940893,-0.0031945582576096056
1647770430049332000,2.19533203125,-0.033704116681218144,0.0033748649942688643,-0.011253836474753916
1647770430059383000,2.205383056640625,-0.018136545193195342,0.004093310895352624,-0.022965390121750532
1647770430069433900,2.215433837890625,-0.013645078992843626,-0.003886038519954309,-0.007854494626354425
1647770430079485000,2.22548486328125,-0.023817513439059256,-0.009318731093173846,-0.008058967689890414
1647770430089536000,2.235535888671875,-0.024110358905792235,-0.0038124115947401147,-0.019320275085046888
1647770430099587000,2.245587158203125,-0.02919569934606552,-0.002740891639399342,-0.004803893150389194
1647770430109638000,2.255637939453125,-0.025003508353233336,-0.007330055193719454,-0.016167071751132606
1647770430119689000,2.26568896484375,-0.020811317360401153,-0.003980301807820797,0.00401853319266811
1647770430129740000,2.275739990234375,-0.008690671455860137,0.002059165586088784,0.0022789412500336765
1647770430139791000,2.285791015625,-0.018867197555303573,-0.0021929343338590113,0.000013644932862371206
1647770430149842000,2.295842041015625,-0.005103460618853569,0.0047545649827923624,-0.00035602862974628804
1647770430159893000,2.30589306640625,-0.00719955611526966,-0.0032302962912712243,-0.013891802029218523
1647770430169944000,2.315944091796875,-0.025756957069039344,0.002361363403056748,-0.02424461627732962
1647770430179995100,2.3259951171875,-0.02501169165968895,-0.001576629066420719,-0.02563798859817907
1647770430190046000,2.3360458984375,-0.009897124636173248,-0.002779629914322868,-0.024883681365847586
1647770430200096800,2.3460966796875,-0.019771452918648718,0.0031813517161644995,-0.01717310698851943
1647770430210146800,2.356146728515625,-0.022317045748233795,-0.0006187164202332496,-0.015315441624168306
1647770430220198000,2.366197998046875,-0.013340543088316916,0.010983951758500188,-0.018128782011847942
1647770430230249000,2.3762490234375,-0.009898878201842307,0.014212942008674144,-0.011768361868150532
1647770430240300000,2.386300048828125,-0.0021200608938932415,0.009953878058400005,-0.005345397882256657
1647770430250350800,2.396350830078125,-0.005264788660407066,0.01884416373958811,-0.006935096492804586
1647770430260402000,2.40640185546875,-0.016938275319337844,0.021640936584956944,-0.012556370440684259
1647770430270453000,2.416452880859375,-0.009158288967609405,0.02445998519421555,-0.0039767216112464665
1647770430280504000,2.426504150390625,0.0008697685718536376,0.023536550206365064,0.002152063467353582
1647770430290555000,2.436554931640625,-0.0015238485664129256,0.026844204316474496,0.008685794351343064
1647770430300606000,2.44660595703125,0.0029641105026006697,0.026440126160765066,0.001071392091177404
1647770430310657000,2.456656982421875,0.0008656769186258316,0.01684815848362632,0.010640727811399847
1647770430320708000,2.4667080078125,-0.010206921237707138,0.016782281040027738,0.010641202735435217
1647770430330759200,2.47675927734375,-0.00407119496166706,0.006156376338424161,-0.005638298147916793
1647770430340810000,2.48681005859375,-0.005868015250563621,0.004970591486804187,-0.005369491143897175
1647770430350860800,2.49686083984375,-0.006014730244874954,0.003490034072846174,-0.01448025117535144
1647770430360912000,2.506911865234375,-0.013940847069025038,0.003445327281439677,-0.0166939269031398
1647770430370963000,2.516962890625,-0.02770458400547504,0.005441359936865046,-0.018904351227916776
1647770430381013800,2.527013671875,-0.007955342918634414,0.009759533663233741,-0.02564735921472311
1647770430391064800,2.53706494140625,-0.010648235264420509,-0.003587037307070568,-0.022629746692907064
1647770430401115000,2.547114990234375,-0.027411154016852377,0.006399674441851675,-0.02893045427231118
1647770430411166000,2.557166015625,-0.011848258703947066,-0.00588860138086602,-0.01735472889943048
1647770430421217000,2.567217041015625,-0.016636662024259567,0.0008942636922933161,-0.017689787806384263
1647770430431268000,2.57726806640625,-0.028906945532560346,-0.005795817664032802,-0.017730229414626954
1647770430441319000,2.58731884765625,-0.0006277765095233917,-0.007898498164862393,-0.012509553890582174
1647770430451370000,2.597369873046875,-0.023670213922858237,-0.0026503227125387638,-0.010924969846569
1647770430461421000,2.607421142578125,-0.019327800804376603,-0.0029981954352930186,-0.019276874334737657
1647770430471472000,2.61747216796875,-0.003616436931490898,0.0009542319849133491,-0.0076045384532772
1647770430481523000,2.62752294921875,-0.02651099030673504,-0.00019069113335572183,-0.01822354762321338
1647770430491574000,2.637573974609375,-0.02307224802970886,0.009020040407544002,-0.018748758807405827
1647770430501625000,2.647625,-0.012749006935954094,0.004008733317861333,-0.007136774811055511
1647770430511676000,2.657676025390625,-0.007214753684401512,0.006848221926949918,-0.011038001766987144
1647770430521726700,2.667726806640625,-0.00916062705516815,0.006110756231565028,0.002719067966658622
1647770430531777800,2.67777783203125,-0.009306757527589797,0.010369683184521273,0.001957819536887109
1647770430541828900,2.687828857421875,-0.024269933381676673,0.005434062546398491,0.007325904174987226
1647770430551880000,2.6978798828125,0.0004249474138021469,0.015528481586650014,0.000666062693297863
1647770430561931000,2.707930908203125,-0.006311082842946052,0.016567450979258862,0.0034778504447080193
1647770430571981800,2.71798193359375,0.004161211332678795,0.02316828314955346,0.01601480379886925
1647770430582033000,2.728032958984375,-0.0016787468671798705,0.022763620471954345,0.006050130351819097
1647770430592083000,2.7380830078125,0.004156535157561302,0.011962925459025426,0.0074655683740042144
1647770430602134000,2.748134033203125,0.010143792873620987,0.01565342314057052,0.0001222929391078651
1647770430612185000,2.75818505859375,0.00012274959683418273,0.017274411938525736,-0.006882873115222901
1647770430622236000,2.76823583984375,-0.011401683980226516,0.010437286794325337,-0.005007379833236336
1647770430632287000,2.778286865234375,-0.013645663514733314,0.00702551472261548,-0.010151756984367965
1647770430642338000,2.788338134765625,-0.031153847676515578,0.00765031382376328,-0.024427261101547627
1647770430652389000,2.79838916015625,-0.02891162170767784,0.007304167267214506,-0.03442501483429223
1647770430662440000,2.80843994140625,-0.011105331382155418,0.00041529366946779187,-0.02613399195419624
1647770430672490800,2.81849072265625,-0.015293430721759795,0.0051707902340218425,-0.016611290120985358
1647770430682541800,2.828541748046875,-0.011101824250817299,0.009179423087183386,-0.009040946198254823
1647770430692593000,2.838593017578125,-0.00855681594312191,0.011951435950631275,-0.007822090194094926
1647770430702644000,2.84864404296875,-0.026513328394293784,0.012926445862092076,-0.004914349521230906
1647770430712694800,2.85869482421875,-0.015140870508551597,0.005758737056655809,-0.007652487514540553
1647770430722745900,2.868745849609375,-0.015592705929279327,0.002988130699004978,-0.008522566613648086
1647770430732797000,2.878796875,-0.016498130336403845,0.005204774702014401,-0.001279171356651932
1647770430742848000,2.888847900390625,-0.01889525460600853,0.007542186407325789,-0.0014443718557246028
1647770430752898800,2.89889892578125,-0.013659107518196106,0.0034561957353260366,-0.0024949586208909747
1647770430762950000,2.908949951171875,-0.02129237887561321,0.00024696963154710827,-0.011967135843262075
1647770430773001000,2.9190009765625,-0.02099310366809368,-0.0022383626444730906,-0.014113007031846791
1647770430783052000,2.929052001953125,-0.0241337397813797,-0.00044530521524138744,-0.00790832543913275
1647770430793103000,2.93910302734375,-0.02278700134754181,-0.001080251251067966,-0.010571060108672826
1647770430803153200,2.949153076171875,-0.01634673916697502,0.0015865568053908645,-0.009938534358795732
1647770430813204000,2.959203857421875,-0.01051087262034416,-0.0038215036500710993,-0.0007142857491970061
1647770430823255000,2.969255126953125,-0.014549918878078459,-0.008334222701005638,-0.007379862851928919
1647770430833305900,2.979305908203125,-0.0031780455142259596,0.008106551424972713,-0.01064688355755061
1647770430843357000,2.98935693359375,-0.004976034846901893,0.007930272409459576,-0.007639883761294186
1647770430853407700,2.99940771484375,0.003402501919865608,0.00883022605702281,0.004896138011105358
1647770430863458800,3.009458740234375,-0.006774608701467514,0.01954029277758673,0.005351096970681101
1647770430873510000,3.019510009765625,0.0031026421904563903,0.01671528021842241,0.005274469804205
1647770430883561000,3.02956103515625,0.0060965633094310755,0.012213886279100552,0.0025597492191009224
1647770430893612000,3.039612060546875,-0.006025836160778999,0.020507055450510233,-0.006901322087366133
1647770430903662800,3.049662841796875,-0.010064882418513298,0.01649826733372174,-0.01074364019660279
1647770430913714000,3.0597138671875,-0.019044307687878608,0.00839840137786232,-0.013524210825841872
1647770430923765000,3.069764892578125,-0.02293430086374283,0.004395960803469642,-0.01896391766173765
1647770430933816000,3.079816162109375,-0.022036475241184232,-0.0001334353876300156,-0.02445703518530354
1647770430943867000,3.089866943359375,-0.02024023947417736,0.0021810520998202265,-0.017728402783721686
1647770430953918000,3.09991796875,-0.008418868777155876,0.0082097560711205,-0.007040036438312381
1647770430963969500,3.109969482421875,-0.0010877952367067335,0.001021497667999938,-0.008957724894210695
1647770430974020600,3.1200205078125,-0.009019172757863998,0.010660902949748561,-0.00805421844953671
1647770430984071200,3.1300712890625,-0.013060557103157042,0.000490587395383045,0.003178337775170803
1647770430994122200,3.140122314453125,-0.0022837270230054853,-0.0064856996243353926,0.0026345314883626995
1647770431004172300,3.15017236328125,-0.008118424525856972,-0.007193619564827531,-0.0010393895177170634
1647770431014223400,3.160223388671875,-0.018293197059631346,-0.006374348204350099,-0.013849478991143405
1647770431024274400,3.1702744140625,-0.0009387421548366546,-0.0016951774121727794,-0.009928944546543061
1647770431034325200,3.1803251953125,-0.012167407655715941,-0.0048075738116633146,-0.009967870051134376
1647770431044376300,3.190376220703125,-0.029530045866966247,-0.001246456397138536,-0.0043901612503454085
1647770431054427400,3.200427490234375,-0.013522329396009444,0.002871107590058818,-0.009558266336936502
1647770431064478500,3.210478515625,-0.002900397616624832,-0.006554015620192513,-0.00566480256235227
1647770431074529500,3.220529541015625,-0.015320318728685379,0.00013834902476519346,-0.003331354646105319
1647770431084580400,3.230580322265625,-0.011879238364100455,-0.0028759846945758906,-0.0010515000806190073
1647770431094631400,3.24063134765625,-0.0073906947731971736,0.0026183749380055813,0.00036404753942042585
1647770431104682500,3.2506826171875,-0.016519173124432563,0.00861545992833562,0.0015748115686699748
1647770431114733600,3.260733642578125,-0.01083294418156147,0.008699101357487962,0.0002813924909569323
1647770431124784400,3.270784423828125,-0.01786649608016014,0.01325091030979529,-0.006416826506052166
1647770431134835500,3.28083544921875,-0.013824527212977408,0.017461121016507968,-0.009884228621982037
1647770431144886300,3.29088623046875,-0.011430910074710846,0.014898960644612089,-0.006184223326575011
1647770431154937300,3.300937255859375,-0.007990998753905297,0.010504324148548766,-0.010406279734708368
1647770431164988200,3.31098828125,-0.007093757653236389,0.012326963865291326,-0.0016404606834053992
1647770431175039200,3.321039306640625,-0.009041384589672088,-0.001984698410658166,-0.015488478369824588
1647770431185090300,3.33109033203125,-0.017421090400218962,0.0002582125447690487,-0.02372214503949508
1647770431195141400,3.341141357421875,-0.023554478588700294,0.0029816187598276883,-0.01705240321829915
1647770431205191400,3.35119140625,-0.018165771287679672,-0.0021851711525116115,-0.017145396997686475
1647770431215242500,3.361242431640625,-0.027141689425706862,-0.004657726145349443,-0.019352606452070174
1647770431225293300,3.371293212890625,-0.019957330879569052,0.0008275185990147292,-0.022467048678174614
1647770431235344400,3.381344482421875,-0.01217091478705406,0.0019164463468827307,-0.017757354883570223
1647770431245395500,3.3913955078125,-0.01426408767402172,0.006564043823862448,-0.00782568865697831
1647770431255446500,3.401446533203125,-0.007532733592391014,0.012097228496335447,-0.008830445252731443
1647770431265497300,3.411497314453125,-0.010826514440774917,0.007630540544213727,-0.0029734993854537606
1647770431275548400,3.42154833984375,-0.01471943022608757,0.00915920228306204,-0.002306176316831261
1647770431285599500,3.431599609375,-0.003799392282962799,0.0092581691455096,-0.0013393040460534392
1647770431295650600,3.441650634765625,-0.013228314885497092,0.006854688200354576,-0.012404248618893325
1647770431305701400,3.451701416015625,-0.017420505878329277,0.004176180572947487,-0.009362104444019496
1647770431315752200,3.461752197265625,-0.011132219389081,0.005204646837851032,-0.016996179519034923
1647770431325803300,3.47180322265625,-0.015621932023763656,0.005883605545340106,-0.0011252229039557277
1647770431335854300,3.481854248046875,-0.004396189132332802,0.00991780209802091,0.0015631759298034011
1647770431345905400,3.491905517578125,-0.01277180328965187,0.011886133895767852,0.003509231963660568
1647770431355956200,3.501956298828125,0.001744213318824768,0.011450363693851977,0.004554978156927973
1647770431366007300,3.51200732421875,-0.007682371196150779,0.0205758737698663,0.0039048254188150163
1647770431376058400,3.522058349609375,0.0012923778980970383,0.018215218186285347,0.010374605954810977
1647770431386109400,3.532109375,-0.009486790269613266,0.011263672882178798,0.00701767847603187
1647770431396160300,3.54216015625,-0.020863339808583257,0.00561221385858953,-0.0008587722538039088
1647770431406211300,3.55221142578125,-0.01398001003563404,-0.002150446899002418,-0.016437687119748443
1647770431416261400,3.562261474609375,-0.025952187380194662,-0.0010139719486702233,-0.008284593139309435
1647770431426312400,3.5723125,-0.01712181519269943,0.0027476821397896855,-0.01480867941211909
1647770431436363500,3.582363525390625,-0.010087678772211074,0.0019808350862935186,-0.00893810687828809
1647770431446414600,3.59241455078125,-0.009039046502113342,-0.0015858626856468617,-0.0009366963282227516
1647770431456465400,3.60246533203125,0.0018809914410114288,0.00035563590410165485,0.008083974266983568
1647770431466516200,3.61251611328125,-0.004555179086327552,0.003266938507230952,-0.006169957339204848
1647770431476567300,3.6225673828125,-0.009048983374238014,0.0033603798111900684,-0.002537902713473886
1647770431486618400,3.632618408203125,-0.02132160497009754,-0.0030287275708746164,-0.012932711206097154
1647770431496669200,3.642669189453125,-0.02356909163594246,-0.0004910349199548364,-0.01808744535446167
1647770431506720300,3.65272021484375,-0.013996376648545264,0.005870746063767001,-0.009058774115890265
1647770431516771300,3.662771240234375,-0.015041501787304878,0.011622852450236677,-0.011455916651804
1647770431526822400,3.672822509765625,-0.0063590136379003525,0.008659792260406538,-0.012332279361225664
1647770431536873200,3.682873291015625,-0.012194295662641524,0.019957522675814104,-0.006694876262452453
1647770431546924300,3.69292431640625,-0.005159574720263481,0.0048855892176274205,0.005073960529733449
1647770431556975400,3.702975341796875,-0.009648702833056449,0.009003189737442881,-0.004470112885069101
1647770431567026400,3.7130263671875,-0.019524200159311292,0.014000331304455176,0.0020260990001261235
1647770431577077500,3.723077392578125,-0.010397475373744964,0.011434645534912124,-0.004608845502324402
1647770431587128300,3.73312841796875,-0.013093290328979492,-0.00580606506341137,-0.019471081732586024
1647770431597179400,3.743179443359375,-0.02686345700621605,0.0008351630493532865,-0.021650544663518664
1647770431607230500,3.75323046875,-0.02491758363544941,-0.0009307232451625168,-0.030655086107831447
1647770431617280500,3.763280517578125,-0.02566518713235855,-0.003831413122732192,-0.020505594145786017
1647770431627331300,3.773331298828125,-0.021621464699506758,0.0063024794113822275,-0.020544044726341963
1647770431637382100,3.783382080078125,-0.020420272216200828,-0.01033264824291691,-0.024309516473393886
1647770431647433200,3.79343310546875,-0.0068014967083930965,-0.001337769676093012,-0.02258908588895574
1647770431657484300,3.803484375,-0.02011515178978443,-0.01340699592065066,-0.016251370767410844
1647770431667535400,3.813535400390625,-0.021014730978012083,0.0027112134537659585,-0.020402225102856754
1647770431677586400,3.82358642578125,-0.013235913670063017,-0.0004724672168027609,-0.013264299514330924
1647770431687637200,3.83363720703125,-0.0026110592812299727,0.0032851408842019736,-0.005353325460385531
1647770431697688300,3.843688232421875,-0.0015659341424703597,0.008041587296826764,-0.0021153116535395384
1647770431707739400,3.853739501953125,-0.00949614261984825,0.008214952836045996,-0.010071878414880484
1647770431717790500,3.86379052734375,-0.02311374908387661,0.006170578393712639,-0.00959213207392022
1647770431727841300,3.87384130859375,-0.024606617990136144,-0.0016175181992352007,-0.013231036565545945
1647770431737892400,3.883892333984375,-0.011433832684159278,0.0024078739924822,-0.023580544611718504
1647770431747943400,3.893943359375,-0.03148351802229881,-0.006940174526721239,-0.021284962754137812
1647770431757994500,3.903994384765625,-0.021754151168465612,0.0022987419290468095,-0.0010289046563208102
1647770431768045300,3.91404541015625,0.0003945522755384445,0.008735633975593373,0.009900394305493682
1647770431778096400,3.924096435546875,0.01191781680881977,0.017105156318843365,0.011488302817754446
1647770431788147500,3.9341474609375,-0.0012514613658189773,0.011154148093098774,0.013692260869126767
1647770431798198500,3.944198486328125,0.006229249778389931,0.014188419488770886,0.009085369861871003
1647770431808249600,3.95424951171875,0.004728197565674781,0.011911788926832378,0.016350940418057142
1647770431818300400,3.964300537109375,0.003526420560479164,0.006850961873307824,0.00556145178573206
1647770431828351200,3.974351318359375,-0.009794833305478095,0.0031180224226787685,-0.001311447924748063
1647770431838401300,3.9844013671875,-0.018024901512265205,0.0037918300310149787,-0.014762356052361428
1647770431848452400,3.994452392578125,-0.02670388253033161,0.001165915673947893,-0.02086341287381947
1647770431858503400,4.00450341796875,-0.017870587733387944,0.0008027312176302075,-0.01525991204464808
1647770431868554200,4.01455419921875,-0.010089432337880134,-0.0008821439962368458,-0.014868081449158488
1647770431878605300,4.024605224609375,-0.026847090393304823,-0.0028657509949291124,-0.021180406401120126
1647770431888656400,4.034656494140625,-0.02250584631860256,-0.002566941578290425,-0.02758886693762615
1647770431898707500,4.04470751953125,-0.025199323186278343,-0.0033681018933421,-0.02182447645831853
1647770431908758500,4.054758544921875,-0.017117723539471625,0.009512778660818002,-0.022627993127238004
1647770431918809300,4.064809326171875,-0.011879822885990142,0.006659741016989573,-0.015929025211557746
1647770431928860400,4.0748603515625,-0.006791559836268424,0.0030037118606269357,-0.026393154347036034
1647770431938911500,4.084911376953125,-0.02280336796045303,-0.0002755381389055401,-0.011912044655159115
1647770431948962600,4.094962646484375,-0.0040939913153648375,0.004986556240916252,-0.002971435292530805
1647770431959013400,4.105013427734375,-0.020702596288919448,0.004338485862035304,-0.0015175284234806895
1647770431969064700,4.115064697265625,0.006083703827857971,0.01603714349484071,-0.009430858831293881
1647770431979115800,4.12511572265625,-0.00723228934109211,0.016078105692891403,0.0111085827851668
1647770431989166800,4.135166748046875,-0.005136778366565704,0.010577106256969273,0.005197203316912055
1647770431999217700,4.1452177734375,-0.0009480945050716399,0.007174768733885139,0.005554912447091192
1647770432009268700,4.155268798828125,-0.003942600145936012,0.007474190071877091,0.0010555369349196553
1647770432019319800,4.16531982421875,-0.0150187054336071,-0.0050574386531952766,-0.011034275439940393
1647770432029371000,4.175370849609375,-0.02459901920557022,-0.01644984334842302,-0.025983167040348053
1647770432039420700,4.185420654296875,-0.01831657793521881,-0.004422291687969118,-0.01728727142009884
1647770432049471700,4.1954716796875,-0.03163783180117607,-0.010749120089318602,-0.02046456801565364
1647770432059522600,4.2055224609375,-0.01682078641951084,-0.004706908182473853,-0.012545118394307792
1647770432069573600,4.21557373046875,-0.044352351945638656,-0.009806094485009088,-0.019437526522856203
1647770432079624700,4.225624755859375,-0.011126958692073821,0.006421685344260185,-0.010946578890178351
1647770432089675800,4.23567578125,-0.016210545566678045,0.010738562162686139,-0.00700580537514761
1647770432099726600,4.2457265625,-0.003189151430130005,0.023303508635470642,-0.012342161434423177
1647770432109777700,4.255777587890625,0.004446458014845848,0.021574839945649727,-0.0027823789938353
1647770432119828700,4.265828857421875,-0.0006406359910964965,-0.0037529775916598737,-0.004754829844273626
1647770432129879800,4.2758798828125,-0.01246200668811798,0.005818714482430368,-0.015671598118077962
1647770432139930600,4.2859306640625,-0.01814882015287876,0.012357989191217347,-0.024978775770775972
1647770432149981700,4.295981689453125,0.009676175361871719,0.023684717372246086,-0.006619272009283304
1647770432160032800,4.30603271484375,-0.006188917768001556,0.004749541747802869,0.007444288123957812
1647770432170083800,4.316083740234375,-0.00005436053574085235,0.015307377048721536,0.0066775050025433295
1647770432180134700,4.326134765625,-0.016515665993094442,0.00931000893060118,-0.00010338730923831462
1647770432190185700,4.336185791015625,-0.003946691799163818,0.017658780746767296,-0.008696754136774688
1647770432200236800,4.34623681640625,-0.013973580294847488,0.008723404681682586,-0.00020750527083873748
1647770432210287900,4.356287841796875,-0.002899228572845459,0.02338755192342214,0.0015547003624029458
1647770432220338700,4.366338623046875,-0.003947860842943191,0.012227439880417659,0.002080112475994974
1647770432230389500,4.376389404296875,-0.01652326477766037,0.023736776353046298,0.006676591687090694
1647770432240440600,4.386440673828125,-0.01203939736187458,0.013586603970988653,-0.005601363671012222
1647770432250491600,4.39649169921875,-0.005160159242153167,0.0024532064049737528,-0.0015036825612187385
1647770432260541700,4.406541748046875,-0.0063601826816797255,0.015545186126278712,-0.01588902199473232
1647770432270592800,4.4165927734375,-0.02551788761615753,0.002169347962294705,-0.015582896921318024
1647770432280643600,4.4266435546875,-0.02312543952167034,0.0012958621965488417,-0.01497570654209703
1647770432290694700,4.436694580078125,-0.025370003578066826,0.0007649427907774224,-0.01387152642617002
1647770432300745700,4.446745849609375,-0.014297989943623543,-0.0007391324960859492,-0.016478950711898505
1647770432310796800,4.456796875,-0.015947510716319082,-0.006933406859217211,-0.0212599013781175
1647770432320848000,4.466847900390625,-0.020439561438560485,-0.007990583195374348,-0.015509575956780463
1647770432330898700,4.476898681640625,-0.028221885877847668,-0.01754942492104601,-0.015535514115635305
1647770432340949800,4.48694970703125,-0.01654898374080658,-0.018098048946866764,-0.015106274119205771
1647770432351000800,4.497000732421875,-0.014756255105137825,-0.005622365359845571,-0.008982731471303849
1647770432361052000,4.507052001953125,-0.01835048020482063,-0.008688726093946024,-0.016665687189344316
1647770432371102700,4.517102783203125,0.0030447745233774183,0.0021899797583697363,0.0004081424094736576
1647770432381153500,4.527153564453125,0.0006494038194417953,0.007071838082373142,0.008719769686181099
1647770432391204600,4.53720458984375,0.0012450316250324249,-0.00703104941425845,0.005319277060311287
1647770432401255700,4.547255615234375,-0.002051671832799911,-0.0023077974517596886,0.0012537446544505656
1647770432411306500,4.557306396484375,0.0021358429849147797,-0.005734333267761394,-0.003934599502570927
1647770432421357600,4.567357666015625,-0.023306641307473182,-0.012556553103774785,-0.0034429617944173514
1647770432431408600,4.57740869140625,-0.020917115822434423,-0.01641880888934247,-0.01486883036782965
1647770432441459700,4.587459716796875,-0.03453939846158027,-0.013322696904372423,-0.011673194397985934
1647770432451510800,4.5975107421875,-0.032445056530833245,0.0013002735101850702,-0.007396759187802672
1647770432461561600,4.6075615234375,-0.018228315129876136,0.004298519177827984,-0.0024442148143425583
1647770432471612700,4.61761279296875,-0.0028138883769512177,0.0048239860903471704,0.00760190810477361
1647770432481663700,4.627663818359375,-0.0055085342884063715,0.01764905393719673,0.006762936529982834
1647770432491713800,4.6377138671875,-0.008949614652991295,0.005207701878040098,0.007818382133357227
1647770432501764900,4.647764892578125,-0.008950783696770668,0.00485017997752875,0.004021967258770019
1647770432511815700,4.657815673828125,-0.018529928424954413,0.007950803740834816,-0.015542126519512384
1647770432521866800,4.66786669921875,-0.02092763721644878,-0.004692144438182003,-0.019291980572324244
1647770432531917800,4.677917724609375,-0.021527356675267218,0.0014244798451662063,-0.02743002311410382
1647770432541968600,4.68796875,-0.0201817872852087,0.007808728389022871,-0.022851262222789225
1647770432552019700,4.698019775390625,-0.011655366480350494,0.0038678178766742345,-0.00891657089991495
1647770432562070500,4.708070556640625,-0.012405892586708068,0.0028762404229026287,0.0009306501799263059
1647770432572121600,4.71812158203125,-0.01360357793867588,0.008418827677960507,-0.00840816472005099
1647770432582172700,4.728172607421875,-0.00926350290775299,0.016504614876117558,-0.0025035985850729047
1647770432592223700,4.7382236328125,0.00779693748652935,0.008872686092415824,-0.01440645528677851
1647770432602274600,4.748274658203125,-0.0034247137516736983,0.010865709373424761,-0.013538148019649088
1647770432612325600,4.75832568359375,-0.019441782572865485,0.015618571022897957,-0.003382007121108472
1647770432622376700,4.768376708984375,-0.01465571734011173,0.023077179933153093,-0.007240472647547722
1647770432632427800,4.778427734375,0.005689151552319526,0.024203261353634296,0.0015629567340947686
1647770432642478600,4.788478515625,-0.015712532916665075,0.018653454339923336,-0.005437113020010292
1647770432652529700,4.79852978515625,-0.017663082462549207,0.011557669126382097,-0.011426672291010617
1647770432662580700,4.808580810546875,-0.01078150625526905,0.011500746740796602,-0.022862112410366533
1647770432672631800,4.8186318359375,-0.010181202274560928,-0.000830591905512847,-0.016227898560278117
1647770432682683000,4.828682861328125,-0.037414661636948586,-0.006134776427969336,-0.028351814134139567
1647770432692733700,4.838733642578125,-0.031125790625810622,-0.0007097648377064615,-0.027377982399612664
1647770432702784800,4.84878466796875,-0.02812953141927719,-0.0003971734908875078,-0.021242164792027323
1647770432712834600,4.85883447265625,-0.018251111483573914,-0.008162642693496308,-0.020239216560870407
1647770432722885600,4.8688857421875,-0.02169628350138664,-0.012266283186618238,-0.026248430380411445
1647770432732936700,4.878936767578125,-0.01601297716796398,-0.010114320183964446,-0.021725728791579604
1647770432742987500,4.888987548828125,-0.007339256846904754,-0.012940373922744766,-0.012455412550549954
1647770432753038600,4.89903857421875,-0.013323591953516005,-0.00972978697894141,-0.0049754320587031544
1647770432763089700,4.909089599609375,-0.02634440156817436,-0.007006915053422562,-0.00785864107850939
1647770432773140700,4.919140625,-0.01766132889688015,-0.011489074569311924,-0.009525953236222266
1647770432783191800,4.92919189453125,-0.009728197810053825,-0.0037418990752194074,-0.018295955272298305
1647770432793242600,4.93924267578125,-0.01630932976603508,-0.001379183965292759,-0.013627926928643137
1647770432803293700,4.949293701171875,-0.0007452654093503951,0.003171917167538777,-0.0027676928813569245
1647770432813344800,4.9593447265625,-0.008522329151630401,0.003141001439467072,0.008828892616461963
1647770432823395800,4.969395751953125,-0.000886135184764862,0.007151680119242518,0.01008333139065653
1647770432833446700,4.97944677734375,-0.004026186776161194,0.0027230500220321117,0.015429514724202453
1647770432843497700,4.989497802734375,-0.009264087429642676,0.00846533826738596,0.010436035552155226
1647770432853548800,4.999548828125,-0.013307809862494469,-0.0016432873947313054,0.0034755854223854836
1647770432863599900,5.009599853515625,-0.006876900032162666,0.004725663115293719,0.0017699505482800305
1647770432873650700,5.019650634765625,-0.00538227756023407,0.00198768038561102,0.010112868012394756
1647770432883701800,5.02970166015625,0.0003045359045267105,0.00092180015319027,0.007728840686380863
1647770432893752800,5.0397529296875,-0.027229952231049535,0.00009791654967702925,-0.0022686390517279503
1647770432903803600,5.0498037109375,-0.02573006906211376,-0.001806748027866706,-0.01447201306996867
1647770432913854700,5.059854736328125,-0.02946984011232853,-0.009825447639450431,-0.020478066818043587
1647770432923905500,5.069905517578125,-0.024681436792016027,0.00409195462190546,-0.006617719373013824
1647770432933955600,5.07995556640625,-0.026024083572626113,-0.0014553316411562262,-0.015177512724511325
1647770432944006700,5.090006591796875,-0.017940730360150335,-0.0009872483385261147,-0.016409009014535694
1647770432954057700,5.1000576171875,-0.014346505260467528,0.008571355925127864,-0.008648439749330281
1647770432964108300,5.1101083984375,-0.011802081474661826,-0.001287948318151757,-0.012278813874628394
1647770432974159400,5.120159423828125,-0.005368833556771278,-0.005679360810667276,-0.012959635745640843
1647770432984210200,5.130210205078125,-0.008211948028206824,0.0011369498743675648,-0.018585567602328955
1647770432994261200,5.14026123046875,-0.01599427246749401,0.0012973919999320059,-0.018313363064825533
1647770433004312300,5.150312255859375,0.000014613047242164611,0.0009223207429982721,-0.018844912658259272
1647770433014363400,5.16036328125,0.0039022681355476378,0.012806098284898326,-0.019473218890745193
1647770433024414200,5.170414306640625,-0.012709259447455405,0.006849664965365081,-0.021346867275517434
1647770433034465300,5.18046533203125,-0.014507248780131338,0.00859027068815194,-0.02337272881362587
1647770433044516400,5.190516357421875,-0.008971826484799385,0.010427724381536245,-0.014944233691599218
1647770433054567400,5.2005673828125,-0.018846154767274855,0.004583765859995037,-0.02990757394246757
1647770433064618200,5.2106181640625,-0.023782442125678063,0.01746058216039091,-0.0410177276302129
1647770433074669300,5.22066943359375,-0.03739595693647861,0.010409494605101644,-0.03824945022696629
1647770433084720400,5.230720458984375,-0.02571837862432003,0.005593929283227771,-0.02629424228351563
1647770433094771500,5.240771484375,-0.021969255223870277,0.0022173107232898474,-0.02897420208249241
1647770433104822300,5.250822265625,-0.017326982375979422,0.0006275573138147592,-0.02659728035070002
1647770433114873300,5.260873291015625,-0.02121171485483646,-0.00029677272317931054,-0.024642474754806607
1647770433124924400,5.27092431640625,-0.008191489762067794,-0.007085172487981617,-0.010654829401988536
1647770433134975500,5.2809755859375,-0.013879472270607948,-0.005710742329619825,-0.012074870534054934
1647770433145026300,5.2910263671875,-0.0007107786178588867,0.0016295556969009339,0.0010994308755733072
1647770433155077000,5.3010771484375,-0.0005599719703197479,0.0011594357008114457,0.017976367929112166
1647770433165127200,5.311127197265625,0.00497661936879158,-0.0009853943081572652,0.01983491007629782
1647770433175178200,5.32117822265625,0.000488075777888298,-0.006112774658715352,0.01942643887326121
1647770433185229300,5.331229248046875,0.004678513205051422,-0.004765095509961247,0.010818312868010252
1647770433195280400,5.3412802734375,-0.007289572486281395,-0.011405446839891373,0.013153642214089632
1647770433205331200,5.351331298828125,-0.01641395918428898,-0.003984420860512182,0.007161836187075823
1647770433215382300,5.36138232421875,-0.029734044006466863,-0.009709538775356486,0.008946089255344122
1647770433225433300,5.371433349609375,-0.006090133568644523,0.0025584431780036536,0.0065519971930421885
1647770433235484400,5.381484375,-0.0047439796566963194,-0.001307666798774153,0.009589629589579998
1647770433245535500,5.391535400390625,-0.008932078996300696,0.010832688453234731,0.021834815189242362
1647770433255586300,5.40158642578125,0.006034603989124298,0.014106285030115394,0.020805727869831023
1647770433265637400,5.411637451171875,-0.002492401337623596,0.004991250682342797,0.00883177869329229
1647770433275688400,5.4216884765625,-0.00428688353896141,0.007574508641194552,0.003494052660837769
1647770433285739500,5.431739501953125,-0.010123919129371642,-0.006426726845558732,-0.01017042515221983
1647770433295790300,5.441790283203125,-0.013263970720767975,-0.012040438541490584,-0.018657408995833246
1647770433305841200,5.451841064453125,-0.02343874325454235,-0.0029888248187489807,-0.014219919738732278
1647770433315892200,5.461892333984375,-0.008622282394766806,-0.008096833748556673,-0.021043262952752412
1647770433325943300,5.471943359375,-0.0259767372995615,-0.010316491692559793,-0.009860427621286362
1647770433335994400,5.481994384765625,-0.021782208219170568,-0.0036835108183324336,-0.027663137750234452
1647770433346045200,5.492045166015625,-0.01699205133318901,-0.018171168982004746,-0.038551465380843725
1647770433356096300,5.50209619140625,-0.01369768596291542,-0.014759223380358889,-0.047400176942627874
1647770433366147300,5.512147216796875,-0.03793547064065933,-0.010166479629464447,-0.048728685600031164
1647770433376198400,5.522198486328125,-0.026264322069287298,-0.004820278029609471,-0.05661730169169604
1647770433386249200,5.532249267578125,-0.027611645025014876,0.004528802536055445,-0.04476929871607572
1647770433396299300,5.54229931640625,-0.039732875451445576,0.012616923255193977,-0.049480545146949585
1647770433406350300,5.552350341796875,-0.012349193963408469,0.021506259088311344,-0.047781632274575526
1647770433416401400,5.5624013671875,-0.005617255359888077,0.017026912584016098,-0.030158096371125428
1647770433426452500,5.572452392578125,-0.01953355250954628,0.029514994428306816,-0.03170519794896245
1647770433436503300,5.58250341796875,-0.011004209095239638,0.031368842134065926,-0.02912239664783701
1647770433446554400,5.592554443359375,-0.013244681498408318,0.035617978345369915,-0.018598792410083113
1647770433456605400,5.60260546875,-0.028655016598105428,0.01673945567845367,-0.018504154662881047
1647770433466656300,5.61265625,0.031053309911489486,0.01901580311260186,-0.017100571475271133
1647770433476707300,5.622707275390625,-0.012639116820693016,0.011915926245832814,-0.006853080765157938
1647770433486758100,5.632758056640625,-0.0023129531174898147,0.008635251474194227,0.005558803170919418
1647770433496809200,5.642809326171875,0.0201338564902544,0.009765342349512502,0.007802837504353374
1647770433506860300,5.6528603515625,0.011899696630239485,0.01722975081289187,0.019631222464051096
1647770433516911400,5.662911376953125,-0.0015729484051465988,0.021363425684673712,0.02114643106628209
1647770433526962200,5.672962158203125,0.030443653580546376,0.01237714141625911,0.026335633739829063
1647770433537013200,5.68301318359375,0.01562485463321209,0.016684108762023968,0.023957195904385296
1647770433547064300,5.693064208984375,-0.0050339025139808655,-0.003200622672215104,0.030252460123691705
1647770433557115400,5.703115478515625,0.013664368215203284,-0.0022346363174263386,0.03045481429537758
1647770433567166200,5.713166259765625,-0.014023849177360534,-0.0051931116636842484,0.007996332516148686
1647770433577217300,5.72321728515625,-0.01926817957162857,-0.006658818568382412,0.0005961027296259999
1647770433587268400,5.733268310546875,-0.029153029248118398,-0.02277797779086977,0.0029966975979506968
1647770433597319400,5.7433193359375,-0.021824293795228003,-0.023319464256428182,0.004888630558084696
1647770433607370500,5.75337060546875,-0.026615619724988937,-0.02604943720959127,0.004550831704773008
1647770433617421300,5.76342138671875,-0.02677051802575588,-0.025184911068435758,0.009077076957561075
1647770433627471000,5.77347119140625,-0.03186111916303634,-0.01561152936075814,0.0076354998471215366
1647770433637522200,5.783522216796875,-0.014057166925072669,0.002351239301264286,0.01155340394321829
1647770433647573200,5.7935732421875,-0.014058335968852042,0.00779801519876346,0.005391830839868635
1647770433657624300,5.803624267578125,-0.014959084200859068,0.0057758891208563,-0.0014877360734157263
1647770433667675100,5.813675048828125,-0.023788871866464615,0.009012112829415128,0.003691438396461308
1647770433677726200,5.823726318359375,-0.03306348069012165,0.001079858525423333,-0.01753954741442576
1647770433687777300,5.83377734375,-0.03874035728275776,-0.01177780554993078,-0.031895076231565324
1647770433697828400,5.843828369140625,-0.050849897271394724,-0.01198425137484446,-0.05019645659765228
1647770433707879400,5.85387939453125,-0.040218028619885444,-0.01913788598915562,-0.045485228433087464
1647770433717930200,5.86393017578125,-0.02928630023896694,-0.013571018242789432,-0.04848978054393083
1647770433727981300,5.873981201171875,-0.02449263622164726,0.00016387619166634976,-0.05095794248944148
1647770433738032400,5.884032470703125,-0.0237415255934,-0.0048491296647582205,-0.0235666804831475
1647770433748083500,5.89408349609375,-0.01640343779027462,0.004487538943905383,-0.00882063624477014
1647770433758134300,5.90413427734375,0.008139467313885687,0.00983266283152625,0.00381546663492918
1647770433768185300,5.914185302734375,0.014127894073724745,0.023992413348238914,0.009983359881211072
1647770433778236400,5.924236328125,0.010984919872879981,0.022383681243658065,-0.005178717812150717
1647770433788287500,5.93428759765625,0.017115969973802565,0.020809600327350197,-0.007220635435916483
1647770433798338300,5.94433837890625,0.013973580294847488,0.002570261479960754,-0.010018358129356055
1647770433808389400,5.954389404296875,0.0033463878184556957,-0.00047116117570549247,-0.009949603742081672
1647770433818440400,5.9644404296875,-0.014763269367814063,0.009261968537792563,-0.01226305004991591
1647770433828491300,5.9744912109375,-0.024938626423478126,0.005892071979586034,-0.010074399165529758
1647770433838542300,5.984542236328125,-0.00608545739352703,0.006028904900699854,-0.017357596709951757
1647770433848593200,5.99459326171875,-0.02119827085137367,0.009540374487219378,-0.006174122057668864
1647770433858644200,6.004644287109375,0.006482932278513908,0.009626326604466886,0.004453855870012194
1647770433868694300,6.0146943359375,-0.008482581663131714,0.007268986355978995,-0.005214464978966862
1647770433878745300,6.024745361328125,-0.0023527006059885025,0.009438494148477911,-0.0018699585903435944
1647770433888796400,6.03479638671875,-0.0031079028874635693,0.001103358132019639,0.010962306182272731
1647770433898847200,6.04484716796875,-0.010147300004959106,0.004121737838815897,0.014343235591147094
1647770433908898300,6.054898193359375,-0.01464051977097988,0.011184771560225635,0.012112663527484982
1647770433918949400,6.064949462890625,-0.01329728846848011,0.0016336656164377926,0.001736450137477368
1647770433929000400,6.07500048828125,-0.026018238353729246,-0.0005611410140991211,-0.007902242758218199
1647770433939051300,6.08505126953125,-0.02452186231613159,0.004925437170825898,-0.010599117159377783
1647770433949102300,6.095102294921875,-0.01733925733566284,0.008366572334337978,-0.009615750411525369
1647770433959153400,6.1051533203125,-0.011800327908992766,0.00761695954343304,-0.012601287294644862
1647770433969204000,6.115203857421875,-0.017487141373753547,0.004346002448210493,-0.016057272967416793
1647770433979255000,6.125255126953125,-0.01569149012863636,0.008208559627877548,-0.011044194045756012
1647770433989305900,6.135305908203125,-0.023175708404183388,-0.0023868951365351677,-0.024051760586351154
1647770433999357000,6.14535693359375,-0.021230419555306433,-0.005757504080794751,-0.02518938631415367
1647770434009408000,6.155407958984375,-0.01988251207768917,-0.0032925935382954775,-0.03397599242515862
1647770434019459000,6.165458984375,-0.030807226195931434,-0.0007152447304222732,-0.04007692138245329
1647770434029510100,6.17551025390625,-0.023177461969852445,-0.004160937338043004,-0.03881298412755131
1647770434039561000,6.18556103515625,-0.011506897920370102,0.012460317054530604,-0.028986403976939617
1647770434049612000,6.195612060546875,-0.02646948925256729,0.0019098887419328092,-0.022035123534314333
1647770434059663000,6.2056630859375,-0.009558686462044715,-0.000912274273019284,-0.019248159696906804
1647770434069714000,6.2157138671875,-0.007912672820687293,-0.0003528594251256436,-0.014113007031846791
1647770434079764700,6.2257646484375,-0.010758709901571272,0.004982546786079183,-0.0057744917482137675
1647770434089815800,6.23581591796875,-0.007766542348265648,0.0033656770408153533,-0.007540734235756099
1647770434099865900,6.245865966796875,-0.015697335347533224,0.007918499773275106,-0.009321279243286698
1647770434109917000,6.2559169921875,-0.013005027523636817,0.017307738819392397,-0.009322850145865232
1647770434119968000,6.265968017578125,-0.01211129355430603,0.01630960376067087,-0.010326949154492468
1647770434130019000,6.27601904296875,-0.005976736322045326,0.0169079349800013,-0.01037962918980047
1647770434140070000,6.28606982421875,-0.011217559584975242,0.007608611840195953,0.0032682628146372735
1647770434150121000,6.296120849609375,-0.009874328282475472,0.0069387680209241805,0.006217869867850095
1647770434160172000,6.306172119140625,-0.005687982508540153,0.015235298193199558,-0.0005592595842666924
1647770434170223000,6.31622314453125,0.005384031125903129,0.019171043906663545,0.004502151991147548
1647770434180274000,6.32627392578125,-0.003896422916650772,0.01010256581408903,0.017612484786473214
1647770434190325000,6.336324951171875,0.002384264788031578,0.006687615404604002,0.027697697606962172
1647770434200376000,6.3463759765625,-0.003159340813755989,0.00538673453964293,0.018356307157408446
1647770434210427100,6.35642724609375,-0.008401917642354964,-0.000977443897142075,0.009779818399436771
1647770434220478000,6.36647802734375,-0.009602525603771209,0.00740564118057955,0.004117828848678618
1647770434230528800,6.37652880859375,-0.015139701464772224,0.0037486073772190136,-0.007939560827612876
1647770434240579800,6.386579833984375,-0.01648877798616886,-0.004758282176684588,-0.0069682681100443
1647770434250631000,6.396630859375,-0.018064064478874205,0.014872383164940401,-0.021521091331262142
1647770434260682000,6.406681884765625,0.15433189905583858,0.13203893743609077,-0.07240010509928688
1647770434270732800,6.41673291015625,-0.19286533558964727,-0.13610552928787656,0.11702811391483992
1647770434280784000,6.426783935546875,-0.18451836300492286,0.0648815918284934,-0.09806558449259027
1647770434290835000,6.4368349609375,0.49419163042008873,0.05062454125003423,0.016803817018400877
1647770434300886000,6.446885986328125,-0.42858313995599745,-0.04919944035036023,0.023896606557257474
1647770434310936800,6.456936767578125,-0.0799818837314844,-0.07222600434112827,-0.03772213841723278
1647770434320988000,6.46698779296875,0.2073515415817499,-0.017979404702992176,-0.0009319105552509427
1647770434331039000,6.4770390625,-0.12218611773252487,0.00830403762529604,-0.05342645149482414
1647770434341089000,6.487089111328125,-0.13460019362568854,-0.02335424330886453,0.005818513553030789
1647770434351140000,6.49714013671875,0.16048516098856924,0.0112515440529678,-0.04542657531471923
1647770434361191000,6.50719091796875,-0.054824646121263504,0.012134761194861494,-0.02297894372306764
1647770434371242000,6.517241943359375,-0.04477262318432331,0.013026257541333325,-0.023838044770434497
1647770434381293000,6.52729296875,0.10535656348466872,0.013729478473821654,-0.00011273965947329998
1647770434391343900,6.53734375,0.005763385832309722,0.031360823224391786,0.0010039711444638669
1647770434401395000,6.54739501953125,0.08578092539906501,-0.05233271057452075,-0.004073459983989596
1647770434411445800,6.55744580078125,-0.08970891249775886,-0.01820596630075015,0.021387272351142017
1647770434421496800,6.567496826171875,-0.07117021624445914,0.0027269475957262326,-0.04620183400353416
1647770434431548000,6.5775478515625,0.10909341192543506,-0.011842507099884096,-0.022068532613571733
1647770434441599000,6.587598876953125,-0.12408172222077846,0.05668501489935442,0.021318938088975847
1647770434451649800,6.59764990234375,-0.10118892241120338,0.03341079857373843,-0.028503387966658918
1647770434461700900,6.607700927734375,0.03107610626518726,0.027340499933436513,0.004297477998211979
1647770434471752000,6.617751953125,-0.05572539435327053,0.01739515224136412,0.00473831710088998
1647770434481803000,6.627802978515625,0.02164016939997673,-0.015492891966749448,0.014177194841857999
1647770434491854000,6.63785400390625,0.03873977276086807,0.026430349118844603,-0.0332778175605461
1647770434501905000,6.64790478515625,-0.04952361710369586,-0.03572532716038404,0.009395878849457948
1647770434511956000,6.6579560546875,0.06392331385612487,0.03409635826866142,-0.030406974831968542
1647770434522007000,6.668007080078125,-0.08164134137630462,-0.012058556436782237,-0.00533840188588947
1647770434532058000,6.67805810546875,-0.0507639725536108,0.0349327131946804,-0.017503690649755297
1647770434542109000,6.68810888671875,0.005252513700723648,0.010442716454691253,-0.029871497982088473
1647770434552160000,6.698159912109375,-0.03315817323625087,-0.0010759723681723699,-0.008353712852764874
1647770434562211000,6.708211181640625,-0.0443459222048521,0.02526164326618891,-0.002364829435199499
1647770434572262100,6.71826220703125,-0.0003302548676729202,-0.009893126597779337,0.012240673821326344
1647770434582312000,6.72831201171875,0.0143564421325922,-0.016699183033569716,-0.0019236067400313912
1647770434592363000,6.738363037109375,-0.029017420169711112,-0.01817117811515927,-0.007947104813251643
1647770434602413800,6.748413818359375,0.022477789267897605,0.017542721185623666,-0.024544348142575473
1647770434612465000,6.75846484375,0.06364040526151657,0.035084636370360384,0.008228826097771525
1647770434622516000,6.768515869140625,-0.03839081319272518,-0.005070277585170697,0.00020967896161600946
1647770434632567000,6.778567138671875,-0.03270049259662628,0.0126847551938612,-0.01781149622360244
1647770434642617900,6.788617919921875,-0.016779285365343094,-0.02337288864383008,-0.02373334228694439
1647770434652669000,6.7986689453125,-0.02268938619196415,0.0031840368635952473,-0.027217512874584644
1647770434662720000,6.808719970703125,-0.046724341773986815,-0.0065852989577339024,-0.023800050847604868
1647770434672771000,6.81877099609375,-0.03558569264411926,-0.015571724790043663,-0.024462460279092192
1647770434682822000,6.82882177734375,0.04973112237453461,0.00898677060889313,0.009971578111872076
1647770434692873000,6.838873046875,-0.020668694019317625,0.016032914844295008,-0.03409486956447363
1647770434702924000,6.848924072265625,-0.014196283134818076,0.02011464946628548,-0.058279700212273744
1647770434712975000,6.85897509765625,-0.011142156261205672,-0.06074747856529429,0.15477567903427406
1647770434723026000,6.86902587890625,-0.04392155931293964,-0.10356968006789684,0.18539923749268053
1647770434733077000,6.879076904296875,0.034781975045800204,-0.36764844998922197,0.2725084158208221
1647770434743128000,6.889128173828125,0.23387480684816836,-0.6063652900410815,0.32993845866750926
1647770434753179000,6.899178955078125,-0.034978374400734896,-0.0601635777301155,-0.0876940655440092
1647770434763230000,6.90922998046875,-0.252704595002532,-0.29668241454735395,-0.023599030116479843
1647770434773280800,6.91928076171875,0.029397943919897078,-0.19504200377529485,0.1939727123096585
1647770434783331800,6.929331787109375,0.015685644909739494,-0.11130229274709709,0.11585289612300693
1647770434793383000,6.9393828125,-0.42415655568540095,-0.028154880489665083,0.2697979512857273
1647770434803434000,6.94943408203125,-0.7201157705247402,0.1034384549036622,0.5351844062721356
1647770434813484800,6.95948486328125,-0.343338221129775,0.30688407508805393,0.18410338899586348
1647770434823535900,6.969535888671875,0.7571978392064571,0.20664660818278788,-0.2736016544176265
1647770434833586000,6.9795859375,1.2171721427261828,0.021387381948996333,-0.5520392045591026
1647770434843637000,6.989636962890625,0.30771102743148804,0.04296641401257366,-0.39939368768762795
1647770434853688000,6.99968798828125,-0.7120639814943075,0.30263240899294613,0.13224139207247643
1647770434863739100,7.0097392578125,-1.36300217089653,0.793584326839447,0.8593657627176493
1647770434873790000,7.0197900390625,-1.7067308526486158,1.6276543933242558,1.5816870073974132
1647770434883841000,7.029841064453125,-2.114377587559819,1.169442057975754,1.9240331487499176
1647770434893892000,7.03989208984375,-4.854176061427593,-1.0240316434569656,1.263883771149069
1647770434903943200,7.049943115234375,-9.714403093457221,-3.9143957957148547,0.13193418928682804
1647770434913993700,7.05999365234375,-11.684059490871428,-8.343110648599266,-0.12392448583245276
1647770434924044800,7.070044921875,-5.07607985997498,-10.233852499252556,-5.254084895563126
1647770434934096000,7.080095947265625,3.9213983679533,-2.6345009470939633,-8.575946175527573
1647770434944147000,7.09014697265625,-2.448617140954733,11.782461412912607,-4.356814861060679
1647770434954197800,7.10019775390625,-5.9950301036268465,11.402350335180758,-1.2931100117638707
1647770434964248800,7.110248779296875,-7.674681226170063,3.36476927832067,10.656909569263458
1647770434974300000,7.1202998046875,-6.892077727550268,-2.3595190538316966,9.781275904768705
1647770434984351000,7.13035107421875,-8.336430147922039,-0.7115594660382717,5.390177958095073
1647770434994402000,7.140402099609375,-7.737932339853048,1.932414754256606,1.0274765232138334
1647770435004452900,7.150452880859375,-3.882190977680683,1.5417118476226925,-1.1639746594153344
1647770435014504000,7.16050390625,-0.6648357818514108,0.3257216081574559,-0.7591047688063234
1647770435024555000,7.170554931640625,1.0017571216762065,0.9443950660318136,1.4488266431763768
1647770435034606000,7.180606201171875,-0.3335533246964216,-0.25443039588183164,3.5143449227601287
1647770435044656600,7.19065673828125,-2.50958920378983,-0.6424754814833402,3.0106466283261772
1647770435054707700,7.200707763671875,-3.930402927663922,-1.7809275771073996,1.313572077295184
1647770435064758800,7.2107587890625,-4.745535653966665,-0.4692568033888936,-0.27151655523926016
1647770435074809900,7.220809814453125,-3.1934231160998343,0.593627863945067,-1.2084770873561501
1647770435084860000,7.23085986328125,-0.8960241260945796,0.887211289563775,-1.815857290060818
1647770435094911000,7.240910888671875,1.6104653581142425,1.7381617637008429,0.07666004583239555
1647770435104961800,7.2509619140625,3.6889819432199,3.2221637651547788,3.3641748195588588
1647770435115012900,7.261012939453125,5.558821875619888,2.935129907310009,3.336277343329787
1647770435125064000,7.27106396484375,6.340760188329219,3.0811043123871085,1.3971271433383226
1647770435135115000,7.281114990234375,6.0353632830590005,2.918092263269424,0.06492635341882705
1647770435145165800,7.291165771484375,5.62276915487349,1.588470091666281,1.862147039809823
1647770435155217000,7.301216796875,4.641846146911383,-0.6692506756842136,6.298564722156525
1647770435165268000,7.31126806640625,4.233139089292288,-1.6762532967984676,7.971881965503096
1647770435175319000,7.321319091796875,5.256472082960605,-1.2920739467144011,6.331475058111548
1647770435185369900,7.331369873046875,7.149208906823397,-1.6803537178546188,4.189301116609573
1647770435195421000,7.3414208984375,6.982044998723268,-1.4607546891182661,3.6007226450085636
1647770435205471700,7.3514716796875,6.339210036277771,-0.7743646625846624,2.8850632693707943
1647770435215522800,7.361522705078125,3.3164480227440594,-0.37467064024358987,2.5025901386827227
1647770435225574000,7.371573974609375,-2.7213410261571407,-2.2554157052785158,1.9460300226330756
1647770435235624700,7.381624755859375,-1.0099357519567012,-2.2460706615671513,0.005239946480095386
1647770435245675800,7.39167578125,-2.9758173070073126,-0.22627923715263604,0.8568731421843171
1647770435255726800,7.401726806640625,-1.9395365689605473,2.123009222304821,-0.7804927900761366
1647770435265778000,7.41177783203125,-1.040191774010658,4.277167908371985,-2.14980224442333
1647770435275828700,7.421828857421875,-0.6619225247532129,4.577825510160625,-1.5323796633929014
1647770435285879800,7.4318798828125,-1.0636562362283468,2.9164117628365753,0.15787439396828412
1647770435295931000,7.441930908203125,-1.4509721307724714,1.8335139427825808,1.0511940834097564
1647770435305982000,7.45198193359375,-1.6835300098031758,1.907037444154918,0.3096428722769022
1647770435316032800,7.46203271484375,-1.6193758098006248,2.5424200447678564,-0.842470668952912
1647770435326083800,7.472083740234375,-1.0951830088704824,3.302483502538502,-1.2507391890242696
1647770435336135000,7.482135009765625,-0.06688450174927711,3.8884634820789095,-1.3683805029340088
1647770435346185000,7.49218505859375,1.5070353787779807,3.094505061230063,-1.4092990810386836
1647770435356236000,7.502236083984375,3.342734556645155,1.340353701236844,-1.3559250721171499
1647770435366286800,7.512286865234375,3.9963399194300173,1.815428543254733,-1.6792711833149194
1647770435376337700,7.522337646484375,3.0941601933151484,1.9057529573023317,-1.9754307430319487
1647770435386388700,7.532388671875,2.211421665251255,1.6524135715276003,-2.414034926264733
1647770435396439800,7.542439697265625,1.4464765729188918,1.7705542132616041,-2.4545979689300057
1647770435406491000,7.552490966796875,0.7416939806044102,1.8865753786236046,-2.3166094480402766
1647770435416541700,7.562541748046875,-0.05022036719620228,1.5212491975694893,-2.1590014499232173
1647770435426592800,7.5725927734375,-0.2905687539726496,0.965487538421154,-1.7459847124114631
1647770435436643800,7.582643798828125,0.203030171251297,0.7046300321012735,-1.3803560412794351
1647770435446695000,7.59269482421875,0.6804986304074525,1.0416706143915653,-1.4839074550382791
1647770435456746000,7.60274609375,0.8225906410932541,1.5770651928156614,-1.6063925557173788
1647770435466796800,7.612796875,0.7599281409531832,1.8789830237984657,-1.5770876969084142
1647770435476847900,7.622847900390625,0.4245803340554237,1.7570196089059114,-1.6584217259012162
1647770435486899000,7.63289892578125,0.4003723599940538,1.1908388470739126,-1.7654747180402277
1647770435496950000,7.642949951171875,0.9949673154056071,0.7304740829318761,-2.0636989552021023
1647770435507000800,7.653000732421875,1.8896599006354808,0.27360651325583457,-2.645006851278245
1647770435517052000,7.663052001953125,2.767085124722123,-0.22918811033666134,-3.0481477992027997
1647770435527103000,7.67310302734375,3.044284694033861,-0.42877720122337337,-3.39493616078645
1647770435537154000,7.683154052734375,2.7940713313251733,-0.20638065072298048,-3.8939284694865344
1647770435547204900,7.693204833984375,2.2866057933121917,0.15920739613771437,-4.0679941197991365
1647770435557256000,7.703255859375,1.9079525131732225,0.3542500757664442,-3.740302672873437
1647770435567306800,7.713306640625,1.7609119401693343,0.30790508869886396,-3.0758842396512627
1647770435577357800,7.72335791015625,1.6291571991026401,0.14897650950253008,-2.141408802348375
1647770435587409000,7.733408935546875,1.5319973860770464,-0.007017769807577133,-1.2239578573435543
1647770435597459000,7.743458984375,1.420058521592617,0.26111235786378384,-0.5694527692399919
1647770435607509800,7.753509765625,0.8304074523240327,0.9328279623568058,-0.15281959479674695
1647770435617560800,7.763560791015625,-0.06852583921551704,1.2480278842389583,-0.43365430574044583
1647770435627612000,7.77361181640625,-0.018209610429406164,0.774717713806033,-0.6936257499407976
1647770435637663000,7.7836630859375,0.3899859905362129,0.3577916938960552,-1.125543221951276
1647770435647713800,7.7937138671875,1.0419459242016076,0.3420587027132511,-1.42146108186692
1647770435657764900,7.803764892578125,1.7434125238358973,0.157729140278697,-2.1531619301147757
1647770435667816000,7.81381591796875,2.1025100396335126,0.6593219868659973,-2.6979107584699986
1647770435677867000,7.823866943359375,2.1733406486600635,1.2030045011639594,-2.311813007543981
1647770435687917800,7.833917724609375,2.329244911599159,0.5023983177512884,-1.5619713763192296
1647770435697969000,7.843968994140625,2.5674516101717946,0.6575485474526882,-1.0621234737031162
1647770435708020000,7.85402001953125,2.432320086148381,1.1169096875101328,-1.1660322495322675
1647770435718071000,7.864071044921875,1.4523486798226832,1.7203332615435123,-1.2906057738579808
1647770435728121900,7.874121826171875,-2.0755571507781743,2.3657757761389018,-2.8373127994194625
1647770435738172700,7.884172607421875,-1.484723593726754,2.404156652459502,-2.0579596808977425
1647770435748223700,7.8942236328125,-0.7293295890718698,2.1439520570904014,-1.2129220110010355
1647770435758274800,7.90427490234375,-1.7494599873065948,1.9671932221710682,-2.419628654618561
1647770435768326000,7.914325927734375,-0.49158875444531436,1.9403589912593364,-1.4086439781308173
1647770435778376700,7.924376708984375,1.1839993564426898,1.915502782422304,-0.5477546591076999
1647770435788427800,7.934427734375,0.8529068689018487,1.7925702302366493,-1.4040519741654396
1647770435798478800,7.944478759765625,1.0629074636876583,2.409917700204253,-3.9458854512169954
1647770435808530000,7.954530029296875,0.9838432793229818,2.3095681512266397,-4.343128865535557
1647770435818581000,7.9645810546875,0.8033364900469779,2.6524235572755335,-0.803077254588902
1647770435828631800,7.9746318359375,0.7586234880954027,2.578852125108242,0.8367122515566646
1647770435838683000,7.984682861328125,-0.5290870027124881,2.719117504888773,1.1289086067311465
1647770435848733000,7.99473291015625,0.27476035946607585,3.168939832228422,-0.3410026908542961
1647770435858784000,8.004783935546875,-0.7491010419905185,3.631279695835709,-1.1912187863022088
1647770435868835000,8.0148349609375,-0.6195932030677795,4.212966654357314,-1.1396270576875656
1647770435878886000,8.024885986328124,-0.32892098872065545,4.396265120178461,-1.2503835074543952
1647770435888936700,8.034936767578126,-0.09847674084305763,3.738826462841034,-1.7774962874844669
1647770435898987800,8.04498779296875,0.19870880092084406,2.7449948734670877,-2.0871669245511293
1647770435909038800,8.055038818359375,0.8301029164195061,1.617008496147394,-2.0010377702362834
1647770435919090000,8.06508984375,1.4353034369975328,0.6697428431153297,-1.8111185711011288
1647770435929140700,8.075140625,1.248598962125182,-0.18902444225251674,-1.6420310014620423
1647770435939191800,8.08519189453125,-0.01961421653032303,-0.9133967011779546,-1.5719105865314602
1647770435949243000,8.095242919921875,-1.9281892455160616,-1.3950105895757674,-1.4920754177942872
1647770435959294000,8.1052939453125,-4.351752024713158,-1.8396295030534267,-1.477920343452692
1647770435969345300,8.11534521484375,-6.836940946739912,-2.480968673983216,-0.9493852024693041
1647770435979396400,8.125396240234375,-8.272022849941253,-3.6313445777654647,-0.09383286055997013
1647770435989447400,8.135447509765624,-8.000773713466524,-3.3702707983464,1.1912700050327927
1647770435999498200,8.145498291015626,-6.559777033263445,-2.538239544212818,1.4035107068955897
1647770436009549300,8.15554931640625,-4.851610594853758,-3.674362466236949,1.4027891146227716
1647770436019600400,8.165600341796875,-2.377753798702359,-4.577357600387931,1.5227232156448065
1647770436029651500,8.1756513671875,-0.2251671842575073,-4.05101668151319,3.6006133394151925
1647770436039702500,8.18570263671875,1.0433920313566922,-4.11668420868814,2.333637593600154
1647770436049753300,8.19575341796875,0.9023369625031947,-2.2271610861748457,0.6467314584273844
1647770436059804400,8.205804443359375,0.005454758274555206,-0.40001229451000686,-0.1635240172278136
